"kS;sh  n,mEfï  m%ldYh"
"2 jk j.ka;sh : fï j.ka;sh u.ska ^fuys ñkau;= —m%Odk m%{ma;sh˜ hkqfjka i|yka lrkq"
",nk& 1979 wxl 15 ork wmrdO kvq úOdk ix.%yh mkf;a 281 jk j.ka;sh ixfYdaOkh lrkq"
",nk  w;r""  ixfYdaOkfha  kS;sh  n,mEu  jkqfha""  urKSh  oKavkfhka  o`vqjï  l<  yels  jrola"
"isÿlrkq ,nkakd jQ o tu jro isÿlrkq ,nk wjia:dfõ jhi wjqreÿ oywgg wvq jkakd jQ o"
";eke;a;l=  iïnkaOfhka  wêlrKh  úiska""  ^19  jk  wêldrh  jQ&  oKav  kS;s  ix.%yfha  53  jk"
"j.ka;sfha  úêúOdk  i,iajd  we;s  mßÈ  oKavkh  m%ldYhg  m;alsÍu  i|yd  úêúOdk"
"ie,eiaùu  fõ'"
"3 jk j.ka;sh : fï j.ka;sh u.ska m%Odk m%{ma;sfha 286 jk j.ka;sh ixfYdaOkh lrkq"
",nk w;r"" th"" 4 jk j.ka;sh u.ska isÿ lrk ,o ixfYdaOkhg wdkqIx.sl fõ'"
"4 jk j.ka;sh : fï j.ka;sh u.ska m%Odk m%{ma;sfha 288 jk j.ka;sh ixfYdaOkh lrkq"
",nk  w;r""  ixfYdaOkfha  kS;sh  n,mEu  jkqfha""  ^19  jk  wêldrh  jQ&  oKav  kS;s  ix.%yfha  53"
"jk j.ka;sh hgf;a oKavkhla kshu jQ hï ;eke;a;l= jhi wjqreÿ oywgg wvq ;eke;a;ka"
"r|jd  ;eîu  i|yd  hï  ,sÅ;  kS;shla  hgf;a  msysgqjd  we;s  hï  wdh;khl  r|jd  ;eîu  i|yd"
"úêúOdk  ie,eiaùu  fõ'"
