"","(cid:594)(cid:433) අතර ෙමම අ(cid:433)(cid:606) ව(cid:597)වස්ථාෙ(cid:617) සඳහ(cid:486) (cid:487)යමය(cid:486) එ(cid:252) නාන කාමරවලට ද අදාළ (cid:618)ය (cid:594)(cid:433)ය."
"","iv.  සපයා ඇ(cid:431) සෑම වැ(cid:646)(cid:251)(cid:664)ය(cid:250), කැ(cid:646)(cid:251)(cid:664)ය(cid:250) හා නාන කාමරය(cid:250) ම ස්(cid:450)ර ඉ(cid:462)(cid:251)(cid:605)(cid:572) (cid:470)ව(cid:597)ය(cid:251)(cid:486) මනා ෙලස ඉ(cid:462)කර"
"","(cid:431)(cid:554)ය (cid:594)(cid:433)ය."
"5.(6)","(cid:541)ාෙ(cid:458)(cid:629)ය  සභාව  (cid:618)(cid:646)(cid:486)  (cid:257)යා(cid:430)මක  කරන  ඝන  අප(cid:470)ව(cid:597)  කළමනාකරණ  ෙස(cid:674)වාව(cid:251)(cid:486)  ආවරණය  ෙන(cid:675)වන  (cid:541)ෙ(cid:458)ශයක"
"","(cid:536)(cid:655)(cid:377) ප(cid:604)(cid:633)ය(cid:250) වන(cid:618)ට(cid:463) ඊට අදාළව මහජන ෙස(cid:677)ඛ(cid:597) ප(cid:605)(cid:250)ෂක ෙහ(cid:676) ෙස(cid:677)ඛ(cid:597) ෛවද(cid:597) (cid:487)ලධා(cid:604) (cid:487)(cid:601)ෙ(cid:458)(cid:628)ත කසළ බැහැර"
"","(cid:251)(cid:605)ෙ(cid:572) (cid:256)මෙ(cid:617)දයකට අ(cid:489)(cid:254)ලව ප(cid:604)(cid:633)ය සකස් කර (cid:431)(cid:554)ය (cid:594)(cid:433)ය."
"5.(7)","ප(cid:604)(cid:633)ෙ(cid:591) ෙග(cid:675)ඩනැ(cid:281)(cid:611) ආබා(cid:477)ත හා (cid:618)ෙශ(cid:674)ෂ අවශ(cid:597)තා ඇ(cid:431) අයට (cid:536)(cid:618)(cid:647)ෙ(cid:572) පහ(cid:648)ක(cid:572) ස(cid:655)තව ඉ(cid:462)කර (cid:431)(cid:554)ය (cid:594)(cid:433)ය."
"6.","ෙමම  අ(cid:433)(cid:606)  ව(cid:597)වස්ථාව  යටෙ(cid:430)  බලප(cid:436)ල(cid:430)  සෑම  තැනැ(cid:430)ෙත(cid:250)ම  ෙම(cid:655)  පහත  සදහ(cid:486)  ෙක(cid:675)(cid:486)ෙ(cid:458)(cid:646)වලට  අ(cid:489)(cid:254)ලව"
"","ප(cid:604)(cid:633)ය පව(cid:430)වාෙගන යා (cid:594)(cid:433)ය."
"6.(1)","අපජලය, සහ මළ අප(cid:470)ව(cid:597) අවශ(cid:597) බෑ(cid:620)ම ස(cid:655)තව අප(cid:470)ව(cid:597) රඳා ෙන(cid:675)(cid:646)(cid:377)න ප(cid:604)(cid:462) ඉ(cid:462)කළ සංවෘත කා(cid:415) ෙහ(cid:676) ෙවන(cid:430) (cid:648)(cid:464)(cid:648)"
"","ඉ(cid:462)(cid:251)(cid:605)(cid:572) (cid:470)ව(cid:597)ය(cid:251)(cid:486) (cid:487)ම කරන ලද අ(cid:489)මත (cid:256)මෙ(cid:617)දය(cid:250) ම(cid:281)(cid:486) (cid:539)(cid:431)ක වළව(cid:610),උරාගැ(cid:488)ෙ(cid:572) වළව(cid:610) ෙහ(cid:676) මධ(cid:597) (cid:541)(cid:431)කාර"
"","ඒකකයකට ෙය(cid:675)(cid:575) කර (cid:431)(cid:554)ය (cid:594)(cid:433)ය. එෙස(cid:674)ම ප(cid:604)(cid:633)ය සහ අවස(cid:486) බැහැර(cid:612)ම අතර (cid:465)හනය වැළැ(cid:250)(cid:619)ම සඳහා ජල උ(cid:283)ල(cid:250)"
"","ෙහ(cid:676) අ(cid:489)මත (cid:648)(cid:464)(cid:648) (cid:256)මෙ(cid:617)දය(cid:250) භා(cid:618)තා කර (cid:431)(cid:554)ය (cid:594)(cid:433)ය."
"6.(2)","වැ(cid:646)(cid:251)(cid:664)  කැ(cid:646)(cid:251)(cid:664)  සහ  නාන  කාමරවල  එ(cid:655)  අභ(cid:597)(cid:486)තර  ෙප(cid:675)ළව  (cid:611)ස්සා  ෙන(cid:675)යන  ප(cid:604)(cid:462)  ඉ(cid:462)කර  යහප(cid:430)  ත(cid:430)(cid:430)වෙය(cid:486)"
"","පව(cid:430)වාෙගන යා (cid:594)(cid:433)ය."
"6(3)","කා(cid:415), අප(cid:470)ව(cid:597) රඳා ෙන(cid:675)(cid:646)(cid:377)න සහ ආප(cid:648) ගලා ෙන(cid:675)එන ප(cid:604)(cid:458)ෙද(cid:486) (cid:541)මාණව(cid:430) අ(cid:594)(cid:604)(cid:486) ඉ(cid:462)කර (cid:431)(cid:554)ය (cid:594)(cid:433) අතර (cid:465)හනය"
"","වළ(cid:250)වන ප(cid:604)(cid:462) ඉ(cid:462)කර (cid:431)(cid:554)ය (cid:594)(cid:433) අතරම අපජලය බැසයන කා(cid:415) අවම වශෙය(cid:486) (cid:462)නකට ෙදවර(cid:250) (cid:618)ෂ(cid:555)ජනාශක ෙය(cid:675)දා"
"","(cid:536)(cid:604)(cid:646)(cid:464) කර ජලෙය(cid:486) ෙස(cid:676)දා හැ(cid:605)ම කළ (cid:594)(cid:433)ය."
"6.(4)","අපජලය, මළ අප(cid:470)ව(cid:597) (cid:251)(cid:646)ය(cid:572) ෙප(cid:675)(cid:464) ජල මා(cid:601)ගයකට, කා(cid:415)වකට, (cid:618)වෘත (cid:567)(cid:573)යකට ගලායාම වැළැ(cid:250)(cid:619)මට (cid:541)මාණව(cid:430)"
"","(cid:536)යවර ෙගන (cid:431)(cid:554)ය (cid:594)(cid:433)ය."
"6.(5)","අපජලය, මළ අප(cid:470)ව(cid:597) ගලා යාමට සලස්වන ලද (cid:539)(cid:431)ක වළ, උරා ගැ(cid:488)ෙ(cid:572) වළ වාතයට (cid:487)රාවරණය ෙන(cid:675)කළ(cid:594)(cid:433) අතර"
"","එම උරා ග(cid:486)නා වෙළ(cid:486) (cid:567)ගත ජලය (cid:465)ෂණය ෙන(cid:675)(cid:618)ය (cid:594)(cid:433)ය."
"6.(6)","අපජලය, මළ අප(cid:470)ව(cid:597) ගලා යාමට සලස්වන ලද (cid:539)(cid:431)ක වළ අ(cid:489)මත (cid:541)(cid:573)(cid:431)යට ඉ(cid:462)කර (cid:431)(cid:554)ය (cid:594)(cid:433)ය."
"6.(7)","උරාගැ(cid:488)ෙ(cid:572) වළ (cid:251)(cid:646)ය(cid:572) ජල (cid:576)ලා(cid:633)යක (cid:646)ට අවම වශෙය(cid:486) (cid:574)ට(cid:601) 15.25ක (cid:464)ර(cid:251)(cid:486) ඉ(cid:462)කර (cid:431)(cid:554)ය (cid:594)(cid:433)ය."
"6.(8)","ආහාර (cid:536)(cid:647)ම, ර(cid:430)(cid:251)(cid:605)ම, (cid:646)(cid:646)(cid:610) (cid:251)(cid:605)ම, (cid:629)ත (cid:251)(cid:605)ම අ(cid:477)(cid:629)ත (cid:251)(cid:605)ම සඳහා ද, (cid:629)ත ෙහ(cid:676) අ(cid:477)(cid:629)ත කරන ලද ආහාර ගබඩා (cid:251)(cid:605)ම"
"","සඳහා ද, ආහාරවල උෂ්ණ(cid:430)වය පාලනය (cid:251)(cid:605)ම සඳහා ද අවශ(cid:597) අවස්ථාව(cid:486)(cid:655) (cid:463), භාර ග(cid:486)නා ලද ආහාර ෙමෙහ(cid:594)(cid:572)වල"
"","ස
්වාභාවයට  උ(cid:317)තවන  ප(cid:604)(cid:462),  ආහාරවල  ආර(cid:250)ෂාව  සහ  ෙය(cid:676)ග(cid:597)තාවය  සහ(cid:431)ක  (cid:251)(cid:605)ම  සඳහා  ද  අදාළ  උෂ්ණ(cid:430)වය"
"","(cid:487)යාමනය (cid:251)(cid:605)ම සඳහා ද, (cid:541)මාණව(cid:430) පහ(cid:648)ක(cid:572) සලසා (cid:431)(cid:554)ය (cid:594)(cid:433)ය."
"6.(9)","ෙහ(cid:676)ට(cid:610)  ප(cid:604)(cid:633)ෙ(cid:591)  ආහාර  සකස්  කර(cid:489)  ලබන  ස්ථානවල  භා(cid:618)ත  කර(cid:489)  ලබන  (cid:646)ය(cid:613)  උපකරණ  හා  ෙමවල(cid:572)  පහත"
"","දැ(cid:250)ෙවන අවශ(cid:597)තාවය(cid:486)ට අ(cid:489)(cid:254)ල (cid:618)ය (cid:594)(cid:433)ය."
